{
  "name": "Automated Student Query Response",
  "nodes": [
    {
      "parameters": {
        "pollTimes": {
          "item": [
            {
              "mode": "everyMinute"
            }
          ]
        },
        "documentId": {
          "__rl": true,
          "value": "1YDuGM4s4K892gPQHXBYdJj0qlcTeGOi6obltLssVDAI",
          "mode": "list",
          "cachedResultName": "Live Student Query Responses",
          "cachedResultUrl": "https://docs.google.com/spreadsheets/d/1YDuGM4s4K892gPQHXBYdJj0qlcTeGOi6obltLssVDAI/edit?usp=drivesdk"
        },
        "sheetName": {
          "__rl": true,
          "value": 1125526879,
          "mode": "list",
          "cachedResultName": "Form Responses 1",
          "cachedResultUrl": "https://docs.google.com/spreadsheets/d/1YDuGM4s4K892gPQHXBYdJj0qlcTeGOi6obltLssVDAI/edit#gid=1125526879"
        },
        "event": "rowAdded",
        "options": {}
      },
      "type": "n8n-nodes-base.googleSheetsTrigger",
      "typeVersion": 1,
      "position": [
        0,
        0
      ],
      "id": "23563e1b-1edf-4079-acad-2682f26afaa9",
      "name": "Google Sheets Trigger",
      "credentials": {
        "googleSheetsTriggerOAuth2Api": {
          "id": "tQ29aMGN0sZZWq8f",
          "name": "Google Sheets Trigger account"
        }
      }
    },
    {
      "parameters": {
        "documentId": {
          "__rl": true,
          "value": "1YDuGM4s4K892gPQHXBYdJj0qlcTeGOi6obltLssVDAI",
          "mode": "list",
          "cachedResultName": "Live Student Query Responses",
          "cachedResultUrl": "https://docs.google.com/spreadsheets/d/1YDuGM4s4K892gPQHXBYdJj0qlcTeGOi6obltLssVDAI/edit?usp=drivesdk"
        },
        "sheetName": {
          "__rl": true,
          "value": 1125526879,
          "mode": "list",
          "cachedResultName": "Form Responses 1",
          "cachedResultUrl": "https://docs.google.com/spreadsheets/d/1YDuGM4s4K892gPQHXBYdJj0qlcTeGOi6obltLssVDAI/edit#gid=1125526879"
        },
        "options": {}
      },
      "type": "n8n-nodes-base.googleSheets",
      "typeVersion": 4.7,
      "position": [
        208,
        0
      ],
      "id": "d59878cb-974f-483d-87f3-799547259c52",
      "name": "Get row(s) in sheet",
      "credentials": {
        "googleSheetsOAuth2Api": {
          "id": "X8BIoHU4hzUo9uzn",
          "name": "Google Sheets account"
        }
      }
    },
    {
      "parameters": {
        "jsCode": "// -----------------------------\n// 🔹 Full Issue → Response Mapping\n// -----------------------------\nconst issueMapping = {\n  // --- Exam Termination ---\n  \"quit\": {\n    category: \"Exam Termination\",\n    response: \"You clicked 'Quit', which counts as a manual exit. A re-attempt cannot be provided.\",\n    reattempt: \"❌ No\"\n  },\n  \"back button\": {\n    category: \"Exam Termination\",\n    response: \"You pressed the browser back button, which is considered exam exit. A re-attempt cannot be provided.\",\n    reattempt: \"❌ No\"\n  },\n  \"hide button\": {\n    category: \"Exam Termination\",\n    response: \"Clicking 'Hide' ends the exam instantly as per platform rules. Unfortunately, no re-attempt can be provided.\",\n    reattempt: \"❌ No\"\n  },\n  \"terminated\": {\n    category: \"Exam Termination\",\n    response: \"Your exam was terminated as per platform rules. A re-attempt cannot be provided.\",\n    reattempt: \"❌ No\"\n  },\n\n  // --- Technical Issues ---\n  \"screen stuck\": {\n    category: \"Technical Issue\",\n    response: \"If the exam screen froze due to a verified technical/platform issue, a re-attempt can be given. If caused by system setup or ignoring mock test, re-attempt is not allowed.\",\n    reattempt: \"✅ Case-by-case\"\n  },\n  \"freeze\": {\n    category: \"Technical Issue\",\n    response: \"If the exam froze due to platform error, a re-attempt can be allowed. Otherwise, no re-attempt is possible.\",\n    reattempt: \"✅ Case-by-case\"\n  },\n  \"slow loading\": {\n    category: \"Technical Issue\",\n    response: \"Slow exam loading due to your device/browser is not eligible for re-attempt. If logs show a platform issue, a re-attempt may be considered.\",\n    reattempt: \"✅ Case-by-case\"\n  },\n\n  // --- Submission Issues ---\n  \"submit error\": {\n    category: \"Submission Issue\",\n    response: \"Your submission did not go through properly. If confirmed at system side, a re-attempt can be allowed.\",\n    reattempt: \"✅ Case-by-case\"\n  },\n  \"submission\": {\n    category: \"Submission Issue\",\n    response: \"There was an issue with your submission. If verified, we may allow a re-attempt.\",\n    reattempt: \"✅ Case-by-case\"\n  },\n\n  // --- Code/Test Case Issues ---\n  \"test case\": {\n    category: \"Code/Test Case Issue\",\n    response: \"Test cases are auto-evaluated by the system. Please review constraints and edge cases. If system error is proven, it will be re-checked.\",\n    reattempt: \"❌ No\"\n  },\n  \"code not working\": {\n    category: \"Code/Test Case Issue\",\n    response: \"Your code did not pass test cases. Please verify logic, input-output format, and constraints.\",\n    reattempt: \"❌ No\"\n  },\n\n  // --- Score/Marks Clarification ---\n  \"marks\": {\n    category: \"Score/Marks Clarification\",\n    response: \"Your marks are auto-evaluated. If you need recheck/clarification, please provide specific question numbers.\",\n    reattempt: \"❌ No\"\n  },\n  \"score\": {\n    category: \"Score/Marks Clarification\",\n    response: \"Scores are system-calculated. Please allow 24–48 hours for any updates.\",\n    reattempt: \"❌ No\"\n  },\n\n  // --- Interview & Next Steps ---\n  \"interview\": {\n    category: \"Interview and Next Step\",\n    response: \"We will share interview eligibility and next steps via email after assessment results are published.\",\n    reattempt: \"❌ No\"\n  },\n  \"next step\": {\n    category: \"Interview and Next Step\",\n    response: \"Next steps will be communicated after results are announced.\",\n    reattempt: \"❌ No\"\n  },\n\n  // --- General Clarification ---\n  \"general\": {\n    category: \"General Clarification\",\n    response: \"Your query has been noted. Please refer to the exam guidelines for detailed instructions.\",\n    reattempt: \"❌ No\"\n  }\n};\n\n// -----------------------------\n// 🔹 Processing Logic\n// -----------------------------\nconst row = items[0].json;\nconst query = (row[\" Describe Your Query \"] || row[\"Column 8\"] || \"\").toLowerCase();\n\nlet matchedKey = null;\nlet matchedData = {\n  category: \"Unclassified\",\n  response: \"Your query requires manual review. Our team will get back to you shortly.\",\n  reattempt: \"Pending\"\n};\n\n// Try to match query with mapping\nfor (const key of Object.keys(issueMapping)) {\n  if (query.includes(key)) {\n    matchedKey = key;\n    matchedData = issueMapping[key];\n    break;\n  }\n}\n\n// Candidate details\nconst candidateName = (row[\"Name \"] || row[\"Column 3\"] || \"Candidate\").trim();\nconst niatId = (row[\"NIAT ID\\n\"] || row[\"Column 4\"] || \"\").trim();\n\n// Build HTML mail draft with clean structure\nconst mailSubject = `Regarding your ${matchedData.category} – ${niatId}`;\nconst mailBody = `\n<html>\n  <body style=\"font-family: Arial, sans-serif; line-height: 1.5;\">\n    <p>Hi <strong>${candidateName}</strong>,</p>\n\n    <p>We reviewed your query: \"<em>${(row[\" Describe Your Query \"] || row[\"Column 8\"] || \"\").trim()}</em>\"</p>\n\n    <p>${matchedData.response}</p>\n\n    <p><strong>Re-attempt Status:</strong> ${matchedData.reattempt}</p>\n\n    <p>If you believe this decision is incorrect, please reply with details/screenshots for further review.</p>\n\n    <p>Regards,<br/>\n    <strong>NxtWave Support</strong></p>\n  </body>\n</html>\n`;\n\n\nreturn [{\n  json: {\n    ...row,\n    MatchedKeyword: matchedKey || \"None\",\n    Category: matchedData.category,\n    Response: matchedData.response,\n    Reattempt: matchedData.reattempt,\n    MailSubject: mailSubject,\n    MailBody: mailBody\n  }\n}];\n"
      },
      "type": "n8n-nodes-base.code",
      "typeVersion": 2,
      "position": [
        624,
        0
      ],
      "id": "1dfbe13a-e180-4ccd-a519-334a418880b4",
      "name": "Code",
      "alwaysOutputData": false
    },
    {
      "parameters": {},
      "type": "n8n-nodes-base.merge",
      "typeVersion": 3.2,
      "position": [
        416,
        0
      ],
      "id": "1b9e538c-c4a6-485a-a1e0-e7111d73b8d3",
      "name": "Merge",
      "executeOnce": false
    },
    {
      "parameters": {
        "sendTo": "={{ $json['  Email ID  '] }}",
        "subject": "=Test Email {{ $json.MailSubject }}",
        "message": "={{ $json.MailBody }}",
        "options": {
          "appendAttribution": false
        }
      },
      "type": "n8n-nodes-base.gmail",
      "typeVersion": 2.1,
      "position": [
        832,
        0
      ],
      "id": "404c4172-5223-4564-975f-cc473abb230b",
      "name": "Send a message",
      "webhookId": "344d98cb-3e23-4fb7-9715-7286022e0ffc",
      "executeOnce": true,
      "credentials": {
        "gmailOAuth2": {
          "id": "pg0oz9geABkwK9aF",
          "name": "Gmail account"
        }
      }
    }
  ],
  "pinData": {},
  "connections": {
    "Google Sheets Trigger": {
      "main": [
        [
          {
            "node": "Get row(s) in sheet",
            "type": "main",
            "index": 0
          }
        ]
      ]
    },
    "Get row(s) in sheet": {
      "main": [
        [
          {
            "node": "Merge",
            "type": "main",
            "index": 0
          }
        ]
      ]
    },
    "Merge": {
      "main": [
        [
          {
            "node": "Code",
            "type": "main",
            "index": 0
          }
        ]
      ]
    },
    "Code": {
      "main": [
        [
          {
            "node": "Send a message",
            "type": "main",
            "index": 0
          }
        ]
      ]
    }
  },
  "active": true,
  "settings": {
    "executionOrder": "v1"
  },
  "versionId": "4d37ef05-33db-40d9-af52-43b0f7ccac77",
  "meta": {
    "templateCredsSetupCompleted": true,
    "instanceId": "1b6b015994ad0d618ddc14c5e1436dd1cab3e8d8907162d32a66b92dcf6024b9"
  },
  "id": "orbMZZyBa3GLGY0H",
  "tags": []
}